종목코드,종목명,시장구분,업종명,종가,대비,등락률,시가총액
"095570","AJ네트웍스","KOSPI","일반서비스","4635","-40","-0.86","209746537965"
"006840","AK홀딩스","KOSPI","기타금융","8830","0","0.00","116975963630"
"027410","BGF","KOSPI","기타금융","4060","-10","-0.25","388610171460"
"282330","BGF리테일","KOSPI","유통","110200","-400","-0.36","1904686441200"
"138930","BNK금융지주","KOSPI","기타금융","16140","-90","-0.55","5074821985560"
"001460","BYC","KOSPI","섬유·의류","42950","1100","2.63","268272142500"
"001465","BYC우","KOSPI","섬유·의류","25150","50","0.20","54169327500"
"001040","CJ","KOSPI","기타금융","171900","-1200","-0.69","5015525956200"
"079160","CJ CGV","KOSPI","오락·문화","6030","-40","-0.66","998456420880"
"00104K","CJ4우(전환)","KOSPI","기타금융","152300","-1000","-0.65","643697777600"
"000120","CJ대한통운","KOSPI","운송·창고","93700","-1200","-1.26","2137516632800"
"011150","CJ씨푸드","KOSPI","음식료·담배","2900","10","0.35","104199241700"
"011155","CJ씨푸드1우","KOSPI","음식료·담배","14300","-1750","-10.90","2860000000"
"001045","CJ우","KOSPI","기타금융","86800","-300","-0.34","196187356400"
"097950","CJ제일제당","KOSPI","음식료·담배","211000","-500","-0.24","3176433246000"
"097955","CJ제일제당 우","KOSPI","음식료·담배","138200","300","0.22","183451240600"
"000480","CR홀딩스","KOSPI","비금속","5070","-10","-0.20","237734784300"
"000590","CS홀딩스","KOSPI","기타금융","79500","-2400","-2.93","91781319000"
"012030","DB","KOSPI","IT 서비스","1497","-23","-1.51","301157377701"
"005830","DB손해보험","KOSPI","보험","128800","2200","1.74","9119040000000"
"016610","DB증권","KOSPI","증권","10760","-10","-0.09","456723145640"
"000990","DB하이텍","KOSPI","전기·전자","69400","1100","1.61","3019218407200"
"000300","DH오토넥스","KOSPI","운송장비·부품","1984","0","0.00","164422234240"
"001530","DI동일","KOSPI","유통","20500","-300","-1.44","404450240000"
"015590","DKME","KOSPI","기계·장비","515","0","0.00","122045495160"
"000210","DL","KOSPI","화학","38900","-250","-0.64","815183887600"
"000215","DL우","KOSPI","화학","24200","-350","-1.43","40803983000"
"375500","DL이앤씨","KOSPI","건설","41950","-350","-0.83","1623197484850"
"37550L","DL이앤씨2우(전환)","KOSPI","건설","31950","150","0.47","67476834450"
"37550K","DL이앤씨우","KOSPI","건설","22700","-350","-1.52","47985189500"
"007340","DN오토모티브","KOSPI","전기·전자","25550","-300","-1.16","1494952600750"
"004840","DRB동일","KOSPI","화학","4840","10","0.21","96461200000"
"155660","DSR","KOSPI","금속","3880","-15","-0.39","62080000000"
"069730","DSR제강","KOSPI","금속","3935","-10","-0.25","56664000000"
"017860","DS단석","KOSPI","화학","19020","-280","-1.45","334451712240"
"092780","DYP","KOSPI","운송장비·부품","3360","-70","-2.04","44246025600"
"017940","E1","KOSPI","유통","86700","-600","-0.69","594762000000"
"365550","ESR켄달스퀘어리츠","KOSPI","부동산","4115","-15","-0.36","1012656235000"
"383220","F&F","KOSPI","섬유·의류","75500","-2700","-3.45","2892184162500"
"007700","F&F홀딩스","KOSPI","기타금융","20100","-450","-2.19","786198776700"
"114090","GKL","KOSPI","오락·문화","15170","-140","-0.91","938350513900"
"078930","GS","KOSPI","기타금융","55100","-500","-0.90","5119637327800"
"006360","GS건설","KOSPI","건설","19900","-200","-1.00","1703071651000"
"001250","GS글로벌","KOSPI","유통","2345","-25","-1.05","193541676580"
"007070","GS리테일","KOSPI","유통","21500","-200","-0.92","1797559422500"
"078935","GS우","KOSPI","기타금융","47600","-200","-0.42","84957717600"
"499790","GS피앤엘","KOSPI","기타금융","43600","450","1.04","864624667600"
"012630","HDC","KOSPI","기타금융","18040","90","0.50","1077740646840"
"039570","HDC랩스","KOSPI","건설","8440","-140","-1.63","219082152440"
"089470","HDC현대EP","KOSPI","화학","4340","20","0.46","138446000000"
"294870","HDC현대산업개발","KOSPI","건설","21150","50","0.24","1393940029500"
"009540","HD한국조선해양","KOSPI","기타금융","432000","13500","3.23","30573986112000"
"267250","HD현대","KOSPI","기타금융","193300","-1900","-0.97","15269363330500"
"267270","HD현대건설기계","KOSPI","기계·장비","93400","-2100","-2.20","1621201054200"
"443060","HD현대마린솔루션","KOSPI","일반서비스","195800","-600","-0.31","8777559318000"
"071970","HD현대마린엔진","KOSPI","기계·장비","97100","5900","6.47","3293777164500"
"322000","HD현대에너지솔루션","KOSPI","전기·전자","61100","-2200","-3.48","684320000000"
"042670","HD현대인프라코어","KOSPI","기계·장비","13880","-380","-2.66","2621255183440"
"267260","HD현대일렉트릭","KOSPI","전기·전자","794000","-11000","-1.37","28621425190000"
"329180","HD현대중공업","KOSPI","운송장비·부품","533000","19000","3.70","55944332925000"
"097230","HJ중공업","KOSPI","건설","22850","1200","5.54","2063248610400"
"014790","HL D&I","KOSPI","건설","2650","-10","-0.38","100325292650"
"003580","HLB글로벌","KOSPI","유통","2150","-10","-0.46","108926535750"
"204320","HL만도","KOSPI","운송장비·부품","53400","-2200","-3.96","2507510208000"
"060980","HL홀딩스","KOSPI","기타금융","45550","-1150","-2.46","419673877350"
"011200","HMM","KOSPI","운송·창고","20500","-50","-0.24","19336378385000"
"035000","HS애드","KOSPI","일반서비스","8790","-20","-0.23","142465190760"
"002460","HS화성","KOSPI","건설","13420","230","1.74","136213000000"
"487570","HS효성","KOSPI","기타금융","60900","-2400","-3.79","226908954300"
"298050","HS효성첨단소재","KOSPI","화학","191200","-2600","-1.34","856566057600"
"003560","IHQ","KOSPI","오락·문화","10760","0","0.00","76220934800"
"015360","INVENI","KOSPI","일반서비스","67800","300","0.44","386460000000"
"175330","JB금융지주","KOSPI","기타금융","26000","300","1.17","4936999626000"
"234080","JW생명과학","KOSPI","제약","13600","-350","-2.51","215349934400"
"001060","JW중외제약","KOSPI","제약","27450","-400","-1.44","639198778500"
"001067","JW중외제약2우B","KOSPI","제약","60800","0","0.00","12766358400"
"001065","JW중외제약우","KOSPI","제약","29650","-200","-0.67","10138847150"
"096760","JW홀딩스","KOSPI","기타금융","3700","-80","-2.12","273522285400"
"008970","KBI동양철관","KOSPI","금속","1643","-197","-10.71","131277190201"
"105560","KB금융","KOSPI","기타금융","126000","-500","-0.40","48064224978000"
"415640","KB발해인프라","KOSPI","기타금융","10140","-110","-1.07","1242611856720"
"432320","KB스타리츠","KOSPI","부동산","3240","-5","-0.15","328582283400"
"002380","KCC","KOSPI","화학","416500","-3000","-0.72","3701215171500"
"344820","KCC글라스","KOSPI","비금속","26800","-50","-0.19","428009721600"
"009070","KCTC","KOSPI","운송·창고","6150","-270","-4.21","184500000000"
"009440","KC그린홀딩스","KOSPI","기타금융","756","0","0.00","17568790596"
"119650","KC코트렐","KOSPI","기계·장비","918","0","0.00","100782913662"
"092220","KEC","KOSPI","전기·전자","698","-2","-0.29","140132672418"
"003620","KG모빌리티","KOSPI","운송장비·부품","3670","-60","-1.61","742715927040"
"016380","KG스틸","KOSPI","금속","5510","10","0.18","551049022470"
"001390","KG케미칼","KOSPI","화학","5720","-110","-1.89","384572931600"
"033180","KH 필룩스","KOSPI","전기·전자","5310","0","0.00","138166306200"
"001940","KISCO홀딩스","KOSPI","금속","26150","50","0.19","370712337000"
"025000","KPX케미칼","KOSPI","화학","52900","0","0.00","256036000000"
"092230","KPX홀딩스","KOSPI","화학","75000","-700","-0.92","316848450000"
"000040","KR모터스","KOSPI","운송장비·부품","476","-1","-0.21","41114587584"
"044450","KSS해운","KOSPI","운송·창고","9400","-60","-0.63","217007272000"
"030200","KT","KOSPI","통신","53100","0","0.00","13382351473500"
"033780","KT&G","KOSPI","음식료·담배","145500","700","0.48","17165601847500"
"058850","KTcs","KOSPI","IT 서비스","2955","-45","-1.50","126134175000"
"058860","KTis","KOSPI","IT 서비스","2835","-15","-0.53","98663670000"
"093050","LF","KOSPI","섬유·의류","18650","-320","-1.69","545326000000"
"003550","LG","KOSPI","기타금융","82300","-500","-0.60","12692436445500"
"034220","LG디스플레이","KOSPI","전기·전자","11920","150","1.27","5960000000000"
"051900","LG생활건강","KOSPI","화학","263000","-500","-0.19","4024546717000"
"051905","LG생활건강우","KOSPI","화학","114500","-300","-0.26","240415306500"
"064400","LG씨엔에스","KOSPI","IT 서비스","63500","-600","-0.94","6152257698000"
"373220","LG에너지솔루션","KOSPI","전기·전자","388000","-1500","-0.39","90792000000000"
"003555","LG우","KOSPI","기타금융","67200","0","0.00","202352572800"
"032640","LG유플러스","KOSPI","통신","15420","130","0.85","6627953234100"
"011070","LG이노텍","KOSPI","전기·전자","274500","-6000","-2.14","6496620871500"
"066570","LG전자","KOSPI","전기·전자","92700","-1200","-1.28","15099568074900"
"066575","LG전자우","KOSPI","전기·전자","49800","-100","-0.20","855862401600"
"037560","LG헬로비전","KOSPI","오락·문화","2390","-20","-0.83","185098007350"
"051910","LG화학","KOSPI","화학","345500","-500","-0.14","24389654506500"
"051915","LG화학우","KOSPI","화학","173000","-1500","-0.86","1330162400000"
"079550","LIG넥스원","KOSPI","금속","417000","-1000","-0.24","9174000000000"
"006260","LS","KOSPI","기타금융","186000","-1700","-0.91","5896200000000"
"010120","LS ELECTRIC","KOSPI","전기·전자","464000","-11000","-2.32","13920000000000"
"000680","LS네트웍스","KOSPI","유통","3295","-40","-1.20","259655937720"
"229640","LS에코에너지","KOSPI","기타금융","35200","-550","-1.54","1077995740800"
"108320","LX세미콘","KOSPI","전기·전자","50600","-200","-0.39","822973580000"
"001120","LX인터내셔널","KOSPI","유통","32800","300","0.92","1271328000000"
"108670","LX하우시스","KOSPI","화학","29450","50","0.17","264097881500"
"108675","LX하우시스우","KOSPI","화학","17360","-40","-0.23","17921248800"
"383800","LX홀딩스","KOSPI","기타금융","8200","30","0.37","625501658000"
"38380K","LX홀딩스1우","KOSPI","기타금융","8980","-160","-1.75","13158259300"
"023150","MH에탄올","KOSPI","음식료·담배","5000","-50","-0.99","36892630000"
"035420","NAVER","KOSPI","IT 서비스","237000","-1000","-0.42","37174075206000"
"181710","NHN","KOSPI","IT 서비스","29850","400","1.36","977681199150"
"400760","NH올원리츠","KOSPI","부동산","3515","5","0.14","193076401625"
"005940","NH투자증권","KOSPI","증권","21350","100","0.47","7607952278150"
"005945","NH투자증권우","KOSPI","증권","19500","90","0.46","367983876000"
"338100","NH프라임리츠","KOSPI","부동산","4460","-10","-0.22","83223600000"
"034310","NICE","KOSPI","일반서비스","13900","180","1.31","510924482300"
"030190","NICE평가정보","KOSPI","IT 서비스","17310","-40","-0.23","1019758532370"
"008260","NI스틸","KOSPI","금속","3595","-85","-2.31","102817420615"
"004250","NPC","KOSPI","화학","3860","-70","-1.78","141739200000"
"004255","NPC우","KOSPI","화학","2565","-15","-0.58","13543200000"
"456040","OCI","KOSPI","화학","61800","-200","-0.32","553264191000"
"010060","OCI홀딩스","KOSPI","기타금융","121900","7100","6.18","2275901280800"
"178920","PI첨단소재","KOSPI","화학","16010","-140","-0.87","470154815220"
"001340","PKC","KOSPI","화학","5820","-80","-1.36","261425128740"
"005490","POSCO홀딩스","KOSPI","금속","304000","-1000","-0.33","24603617408000"
"010950","S-Oil","KOSPI","화학","84000","0","0.00","9456954528000"
"010955","S-Oil우","KOSPI","화학","48550","-150","-0.31","195264555850"
"034120","SBS","KOSPI","오락·문화","19010","-60","-0.31","352659034380"
"003080","SB성보","KOSPI","화학","2900","80","2.84","58058000000"
"005090","SGC에너지","KOSPI","전기·가스","23650","0","0.00","340780725450"
"001380","SG글로벌","KOSPI","운송장비·부품","1872","-27","-1.42","84172875696"
"004060","SG세계물산","KOSPI","유통","335","-9","-2.62","67812361600"
"001770","SHD","KOSPI","금속","18220","90","0.50","22135077160"
"002360","SH에너지화학","KOSPI","화학","389","-5","-1.27","43231020970"
"009160","SIMPAC","KOSPI","금속","5590","-70","-1.24","365750994440"
"033530","SJG세종","KOSPI","운송장비·부품","10480","370","3.66","291563671280"
"123700","SJM","KOSPI","운송장비·부품","3920","-80","-2.00","61171200160"
"025530","SJM홀딩스","KOSPI","유통","3935","25","0.64","58765321480"
"034730","SK","KOSPI","기타금융","248500","-2500","-1.00","18016921695500"
"011790","SKC","KOSPI","화학","107200","-1200","-1.11","4059481545600"
"018670","SK가스","KOSPI","유통","232500","-2000","-0.85","2149519230000"
"001740","SK네트웍스","KOSPI","유통","4550","-55","-1.19","1006814454100"
"006120","SK디스커버리","KOSPI","기타금융","57900","-600","-1.03","1062340804500"
"006125","SK디스커버리우","KOSPI","기타금융","39300","-50","-0.13","51579481500"
"210980","SK디앤디","KOSPI","부동산","12740","20","0.16","237185446680"
"395400","SK리츠","KOSPI","부동산","5700","80","1.42","1691866128300"
"302440","SK바이오사이언스","KOSPI","제약","50700","-300","-0.59","3973315651500"
"326030","SK바이오팜","KOSPI","일반서비스","128500","-500","-0.39","10063252625000"
"402340","SK스퀘어","KOSPI","기타금융","315000","0","0.00","41607441225000"
"361610","SK아이이테크놀로지","KOSPI","전기·전자","27400","-150","-0.54","2240966540000"
"100090","SK오션플랜트","KOSPI","금속","19980","-220","-1.09","1248313017420"
"03473K","SK우","KOSPI","기타금융","189200","-1000","-0.53","107112742000"
"096770","SK이노베이션","KOSPI","화학","106200","-300","-0.28","17953406085600"
"096775","SK이노베이션우","KOSPI","화학","73600","-200","-0.27","91884153600"
"475150","SK이터닉스","KOSPI","건설","21600","-400","-1.82","729087307200"
"001510","SK증권","KOSPI","증권","654","-7","-1.06","309073971834"
"001515","SK증권우","KOSPI","증권","2285","115","5.30","8940094490"
"285130","SK케미칼","KOSPI","화학","70100","-500","-0.71","1212643496600"
"28513K","SK케미칼우","KOSPI","화학","29900","250","0.84","63251327100"
"017670","SK텔레콤","KOSPI","통신","53400","200","0.38","11469788830200"
"000660","SK하이닉스","KOSPI","전기·전자","584000","4000","0.69","425153381160000"
"003570","SNT다이내믹스","KOSPI","운송장비·부품","48300","-700","-1.43","1606105265100"
"064960","SNT모티브","KOSPI","운송장비·부품","34800","0","0.00","923601465600"
"100840","SNT에너지","KOSPI","기계·장비","38700","-800","-2.03","800346302100"
"036530","SNT홀딩스","KOSPI","기타금융","58300","-400","-0.68","950516553800"
"005610","SPC삼립","KOSPI","음식료·담배","53000","-700","-1.30","457337477000"
"011810","STX","KOSPI","유통","3530","0","0.00","109493282310"
"465770","STX그린로지스","KOSPI","운송·창고","5980","-100","-1.64","42882771360"
"077970","STX엔진","KOSPI","기계·장비","39100","400","1.03","1569789263300"
"002820","SUN&L","KOSPI","종이·목재","2590","-35","-1.33","32654691510"
"084870","TBH글로벌","KOSPI","섬유·의류","1262","3","0.24","26321305578"
"002710","TCC스틸","KOSPI","금속","15140","-250","-1.62","396875372580"
"069260","TKG휴켐스","KOSPI","화학","19670","-60","-0.30","804081825960"
"007980","TP","KOSPI","섬유·의류","1920","-20","-1.03","98256249600"
"002900","TYM","KOSPI","기계·장비","6350","-200","-3.05","262890000000"
"024070","WISCOM","KOSPI","화학","1969","11","0.56","30177756422"
"037270","YG PLUS","KOSPI","IT 서비스","6890","170","2.53","438638827900"
"139130","iM금융지주","KOSPI","기타금융","15610","340","2.23","2529673336260"
"000500","가온전선","KOSPI","전기·전자","84700","-1200","-1.40","1401201840500"
"000860","강남제비스코","KOSPI","화학","12770","-50","-0.39","166010000000"
"035250","강원랜드","KOSPI","오락·문화","18810","90","0.48","4024220805000"
"011420","갤럭시아에스엠","KOSPI","오락·문화","1905","-40","-2.06","52482071820"
"002100","경농","KOSPI","화학","9440","10","0.11","184293108000"
"009450","경동나비엔","KOSPI","전기·전자","55800","-500","-0.89","812927433600"
"267290","경동도시가스","KOSPI","전기·가스","21550","-150","-0.69","127045999300"
"012320","경동인베스트","KOSPI","기타금융","52800","-300","-0.56","124873214400"
"000050","경방","KOSPI","유통","9410","-170","-1.77","257977690700"
"214390","경보제약","KOSPI","제약","5890","-60","-1.01","140811405400"
"012610","경인양행","KOSPI","화학","4170","215","5.44","173540242050"
"009140","경인전자","KOSPI","전기·전자","20800","-300","-1.42","32672577600"
"013580","계룡건설","KOSPI","건설","20800","-300","-1.42","185762865600"
"012200","계양전기","KOSPI","기계·장비","4475","1030","29.90","121822159775"
"012205","계양전기우","KOSPI","기계·장비","9520","2190","29.88","11129632080"
"002140","고려산업","KOSPI","음식료·담배","2530","-25","-0.98","63096745250"
"010130","고려아연","KOSPI","금속","1356000","-27000","-1.95","26229464628000"
"002240","고려제강","KOSPI","금속","20500","0","0.00","553500000000"
"009290","광동제약","KOSPI","제약","5980","-100","-1.64","313476688980"
"017040","광명전기","KOSPI","전기·전자","1240","-16","-1.27","53738642600"
"017900","광전자","KOSPI","전기·전자","1805","-9","-0.50","104588492215"
"037710","광주신세계","KOSPI","유통","31900","-100","-0.31","253834361000"
"030610","교보증권","KOSPI","증권","9760","30","0.31","1112278499360"
"339770","교촌에프앤비","KOSPI","유통","4495","-25","-0.55","224593034600"
"007690","국도화학","KOSPI","화학","33550","0","0.00","310700913600"
"001140","국보","KOSPI","운송·창고","2110","0","0.00","33456978680"
"002720","국제약품","KOSPI","제약","4335","-75","-1.70","91727871720"
"083420","그린케미칼","KOSPI","화학","6750","-50","-0.74","162000000000"
"014530","극동유화","KOSPI","화학","3535","30","0.86","123263399700"
"014280","금강공업","KOSPI","금속","6830","-190","-2.71","200319508310"
"014285","금강공업우","KOSPI","금속","10460","-340","-3.15","6170092500"
"008870","금비","KOSPI","비금속","52800","200","0.38","52800000000"
"001570","금양","KOSPI","화학","9900","0","0.00","633275240400"
"002990","금호건설","KOSPI","건설","4300","-65","-1.49","159086068000"
"002995","금호건설우","KOSPI","건설","24600","-10500","-29.91","7189743600"
"011780","금호석유화학","KOSPI","화학","126000","1200","0.96","3279999492000"
"011785","금호석유화학우","KOSPI","화학","63900","200","0.31","193200755400"
"214330","금호에이치티","KOSPI","운송장비·부품","540","-3","-0.55","117745115400"
"001210","금호전기","KOSPI","전기·전자","582","-17","-2.84","35824426254"
"073240","금호타이어","KOSPI","화학","6080","-190","-3.03","1746542544960"
"092440","기신정기","KOSPI","기계·장비","2300","-10","-0.43","67160000000"
"000270","기아","KOSPI","운송장비·부품","120200","-900","-0.74","46927642359600"
"024110","기업은행","KOSPI","은행","21150","-200","-0.94","16865557129350"
"013700","까뮤이앤씨","KOSPI","건설","1214","-14","-1.14","72537507620"
"004540","깨끗한나라","KOSPI","종이·목재","1921","-18","-0.93","71539371253"
"004545","깨끗한나라우","KOSPI","종이·목재","11620","120","1.04","4254779200"
"001260","남광토건","KOSPI","건설","8130","-100","-1.22","79938810360"
"008350","남선알미늄","KOSPI","금속","1013","-29","-2.78","130757118170"
"008355","남선알미우","KOSPI","금속","12770","-330","-2.52","3931755300"
"004270","남성","KOSPI","유통","924","-4","-0.43","33460035840"
"003920","남양유업","KOSPI","음식료·담배","51300","0","0.00","307800000000"
"003925","남양유업우","KOSPI","음식료·담배","34350","-100","-0.29","68700000000"
"025860","남해화학","KOSPI","화학","6750","-30","-0.44","335332190250"
"005720","넥센","KOSPI","화학","6110","-160","-2.55","327153699470"
"005725","넥센우","KOSPI","화학","4410","-50","-1.12","15878646000"
"002350","넥센타이어","KOSPI","화학","7730","-260","-3.25","754972689210"
"002355","넥센타이어1우B","KOSPI","화학","3750","-15","-0.40","24375000000"
"092790","넥스틸","KOSPI","금속","9530","-190","-1.95","247799060000"
"251270","넷마블","KOSPI","IT 서비스","49100","-500","-1.01","4220316948200"
"090350","노루페인트","KOSPI","화학","8800","20","0.23","176000000000"
"090355","노루페인트우","KOSPI","화학","13670","10","0.07","6330932420"
"000320","노루홀딩스","KOSPI","기타금융","22750","-200","-0.87","302373685250"
"000325","노루홀딩스우","KOSPI","기타금융","32500","0","0.00","7915667500"
"006280","녹십자","KOSPI","제약","159700","-4400","-2.68","1866340118600"
"005250","녹십자홀딩스","KOSPI","일반서비스","16570","-240","-1.43","779257439700"
"005257","녹십자홀딩스2우","KOSPI","일반서비스","25600","-700","-2.66","21657344000"
"004370","농심","KOSPI","음식료·담배","433500","-1500","-0.34","2636825307000"
"072710","농심홀딩스","KOSPI","기타금융","92600","-100","-0.11","429459354000"
"058730","다스코","KOSPI","금속","3300","-70","-2.08","62029905300"
"030210","다올투자증권","KOSPI","증권","3555","-15","-0.42","216538981830"
"023590","다우기술","KOSPI","IT 서비스","39650","-100","-0.25","1778961364050"
"145210","다이나믹디자인","KOSPI","기계·장비","793","-17","-2.10","33107167938"
"483650","달바글로벌","KOSPI","화학","149000","-7700","-4.91","1839243335000"
"019680","대교","KOSPI","일반서비스","1915","-8","-0.42","162205957750"
"019685","대교우B","KOSPI","일반서비스","1252","1","0.08","24322591480"
"006370","대구백화점","KOSPI","유통","5870","-40","-0.68","63522856570"
"008060","대덕","KOSPI","기타금융","10400","-370","-3.44","352457560000"
"00806K","대덕1우","KOSPI","기타금융","9040","-240","-2.59","10959707280"
"353200","대덕전자","KOSPI","전기·전자","47150","-950","-1.98","2330008013750"
"35320K","대덕전자1우","KOSPI","전기·전자","14750","-310","-2.06","30908905250"
"000490","대동","KOSPI","기계·장비","9640","-230","-2.33","254425223120"
"008110","대동전자","KOSPI","전기·전자","15040","0","0.00","157776322880"
"005750","대림바스","KOSPI","비금속","4870","-60","-1.22","81193808800"
"006570","대림통상","KOSPI","금속","2225","-10","-0.45","33875625000"
"001680","대상","KOSPI","음식료·담배","21600","50","0.23","748397340000"
"001685","대상우","KOSPI","음식료·담배","16990","-40","-0.23","23280088770"
"084690","대상홀딩스","KOSPI","기타금융","9800","10","0.10","354882872400"
"084695","대상홀딩스우","KOSPI","기타금융","13850","-30","-0.22","12651725700"
"128820","대성산업","KOSPI","유통","9810","-1090","-10.00","443760039180"
"117580","대성에너지","KOSPI","전기·가스","8130","-30","-0.37","223575000000"
"016710","대성홀딩스","KOSPI","일반서비스","8960","-40","-0.44","144161552640"
"0030R0","대신밸류리츠","KOSPI","기타금융","4470","-5","-0.11","267216600000"
"003540","대신증권","KOSPI","증권","27550","100","0.36","1398807170000"
"003547","대신증권2우B","KOSPI","증권","20400","200","0.99","204000000000"
"003545","대신증권우","KOSPI","증권","21100","150","0.72","548600000000"
"009190","대양금속","KOSPI","금속","1321","-4","-0.30","57057457625"
"014160","대영포장","KOSPI","종이·목재","1070","-10","-0.93","115982167430"
"047040","대우건설","KOSPI","건설","3775","-10","-0.26","1568975458450"
"003090","대웅","KOSPI","제약","23750","0","0.00","1380872025000"
"069620","대웅제약","KOSPI","제약","178600","-900","-0.50","2069362295000"
"000430","대원강업","KOSPI","운송장비·부품","3820","-70","-1.80","236840000000"
"006340","대원전선","KOSPI","전기·전자","3775","-160","-4.07","290956883025"
"006345","대원전선우","KOSPI","전기·전자","3695","-60","-1.60","9685334000"
"003220","대원제약","KOSPI","제약","12220","-60","-0.49","274065064260"
"024890","대원화성","KOSPI","화학","713","1","0.14","29410645376"
"002880","대유에이텍","KOSPI","운송장비·부품","1124","-17","-1.49","52573970380"
"012800","대창","KOSPI","금속","1219","-28","-2.25","111100268281"
"015230","대창단조","KOSPI","운송장비·부품","6350","-120","-1.85","181433660500"
"001070","대한방직","KOSPI","섬유·의류","6450","-170","-2.57","34185000000"
"006650","대한유화","KOSPI","화학","148700","2900","1.99","966550000000"
"001440","대한전선","KOSPI","전기·전자","22700","-650","-2.78","4232353710000"
"084010","대한제강","KOSPI","금속","20800","1100","5.58","476619457600"
"001790","대한제당","KOSPI","음식료·담배","2980","-10","-0.33","267295808400"
"001795","대한제당우","KOSPI","음식료·담배","2670","-10","-0.37","17308969200"
"001130","대한제분","KOSPI","음식료·담배","152700","-500","-0.33","258063000000"
"439260","대한조선","KOSPI","운송장비·부품","72700","-1900","-2.55","2800862882400"
"003490","대한항공","KOSPI","운송·창고","22650","-300","-1.31","8340197971650"
"003495","대한항공우","KOSPI","운송·창고","24350","-100","-0.41","27047833900"
"005880","대한해운","KOSPI","운송·창고","1791","-28","-1.54","578040485940"
"003830","대한화섬","KOSPI","화학","118600","-1500","-1.25","157500800000"
"016090","대현","KOSPI","섬유·의류","1757","-9","-0.51","77804018670"
"069460","대호에이엘","KOSPI","금속","1460","-1","-0.07","127125049920"
"475560","더본코리아","KOSPI","유통","24650","-300","-1.20","364244176000"
"192080","더블유게임즈","KOSPI","IT 서비스","55000","-100","-0.18","1182274830000"
"012510","더존비즈온","KOSPI","IT 서비스","84400","500","0.60","2564306969600"
"004830","덕성","KOSPI","화학","4955","-75","-1.49","77694400000"
"004835","덕성우","KOSPI","화학","7420","-150","-1.98","10328640000"
"145720","덴티움","KOSPI","의료·정밀기기","45500","-1050","-2.26","503631765000"
"002150","도화엔지니어링","KOSPI","일반서비스","6430","-30","-0.46","216819600000"
"460850","동국씨엠","KOSPI","금속","5410","-30","-0.55","161751728960"
"460860","동국제강","KOSPI","금속","8650","30","0.35","429109347050"
"001230","동국홀딩스","KOSPI","기타금융","7600","-30","-0.39","241683670800"
"023450","동남합성","KOSPI","화학","33900","300","0.89","118650000000"
"004140","동방","KOSPI","운송·창고","2650","-100","-3.64","127125179900"
"007590","동방아그로","KOSPI","화학","6070","-110","-1.78","82658692390"
"005960","동부건설","KOSPI","건설","5780","-20","-0.34","132631712140"
"005965","동부건설우","KOSPI","건설","25700","-2300","-8.21","5801312400"
"026960","동서","KOSPI","유통","29200","350","1.21","2911240000000"
"002210","동성제약","KOSPI","제약","973","0","0.00","25900780311"
"102260","동성케미컬","KOSPI","화학","4510","0","0.00","226297327410"
"000640","동아쏘시오홀딩스","KOSPI","기타금융","114800","-800","-0.69","750382623200"
"170900","동아에스티","KOSPI","제약","54000","-1300","-2.35","505043154000"
"028100","동아지질","KOSPI","건설","17070","-450","-2.57","228558799140"
"001520","동양","KOSPI","비금속","831","-12","-1.42","198346456353"
"001527","동양2우B","KOSPI","비금속","8740","-310","-3.43","2696893060"
"084670","동양고속","KOSPI","운송·창고","88600","6700","8.18","256547413400"
"082640","동양생명","KOSPI","보험","6630","-40","-0.60","1069807418550"
"001525","동양우","KOSPI","비금속","5600","-730","-11.53","3459293600"
"018500","동원금속","KOSPI","운송장비·부품","1354","-28","-2.03","63306179282"
"006040","동원산업","KOSPI","기타금융","43000","-650","-1.49","1898363398000"
"030720","동원수산","KOSPI","농업, 임업 및 어업","6130","30","0.49","28527824650"
"014820","동원시스템즈","KOSPI","화학","25950","-500","-1.89","752323767900"
"014825","동원시스템즈우","KOSPI","화학","18210","-340","-1.83","4809461310"
"111380","동인기연","KOSPI","섬유·의류","13910","10","0.07","85240480000"
"163560","동일고무벨트","KOSPI","화학","6900","-30","-0.43","95910000000"
"004890","동일산업","KOSPI","금속","39350","-100","-0.25","95432210250"
"002690","동일제강","KOSPI","금속","1636","-1","-0.06","33211388960"
"000020","동화약품","KOSPI","제약","6410","10","0.16","179040722700"
"000150","두산","KOSPI","기타금융","780000","-13000","-1.64","12631191300000"
"000157","두산2우B","KOSPI","기타금융","424000","-12500","-2.86","378648112000"
"454910","두산로보틱스","KOSPI","기계·장비","82800","500","0.61","5367094344000"
"241560","두산밥캣","KOSPI","기계·장비","58000","-1600","-2.68","5559651770000"
"034020","두산에너빌리티","KOSPI","기계·장비","77600","-400","-0.51","49707544929600"
"000155","두산우","KOSPI","기타금융","487000","-17000","-3.37","1946276994000"
"336260","두산퓨얼셀","KOSPI","전기·전자","30600","-250","-0.81","2004108015600"
"33626K","두산퓨얼셀1우","KOSPI","전기·전자","7350","-100","-1.34","98226870000"
"33626L","두산퓨얼셀2우B","KOSPI","전기·전자","10650","-80","-0.75","31804095000"
"016740","두올","KOSPI","운송장비·부품","3770","-60","-1.57","108101070480"
"192650","드림텍","KOSPI","전기·전자","7030","-100","-1.40","484296988230"
"024090","디씨엠","KOSPI","금속","12910","-100","-0.77","147174000000"
"003160","디아이","KOSPI","의료·정밀기기","21700","200","0.93","614110000000"
"092200","디아이씨","KOSPI","운송장비·부품","11700","-570","-4.65","454996257300"
"377190","디앤디플랫폼리츠","KOSPI","부동산","3345","-50","-1.47","295698000000"
"013570","디와이","KOSPI","기타금융","4675","-100","-2.09","123044284275"
"024900","디와이덕양","KOSPI","운송장비·부품","2155","-45","-2.05","70177531900"
"210540","디와이파워","KOSPI","기계·장비","13990","10","0.07","154473494920"
"032350","롯데관광개발","KOSPI","일반서비스","22750","-300","-1.30","1809523261000"
"089860","롯데렌탈","KOSPI","일반서비스","32000","-100","-0.31","1161900416000"
"330590","롯데리츠","KOSPI","부동산","3945","10","0.25","1139982247380"
"000400","롯데손해보험","KOSPI","보험","1780","3","0.17","552398649600"
"023530","롯데쇼핑","KOSPI","유통","74700","-500","-0.66","2113169998500"
"020150","롯데에너지머티리얼즈","KOSPI","전기·전자","32300","-100","-0.31","1691404454900"
"280360","롯데웰푸드","KOSPI","음식료·담배","118200","-400","-0.34","1099800646800"
"286940","롯데이노베이트","KOSPI","IT 서비스","20000","-250","-1.23","302587340000"
"004000","롯데정밀화학","KOSPI","화학","47250","100","0.21","1219050000000"
"004990","롯데지주","KOSPI","기타금융","27700","-200","-0.72","2905985864900"
"00499K","롯데지주우","KOSPI","기타금융","28550","200","0.71","22999965650"
"005300","롯데칠성","KOSPI","음식료·담배","135300","2100","1.58","1255433005200"
"005305","롯데칠성우","KOSPI","음식료·담배","75700","500","0.66","58690967000"
"011170","롯데케미칼","KOSPI","화학","74100","800","1.09","3169658547900"
"071840","롯데하이마트","KOSPI","유통","7770","-50","-0.64","183431922240"
"027740","마니커","KOSPI","음식료·담배","783","0","0.00","49729291524"
"357430","마스턴프리미어리츠","KOSPI","부동산","1639","1","0.06","49998198173"
"001080","만호제강","KOSPI","금속","42700","-1050","-2.40","177205000000"
"088980","맥쿼리인프라","KOSPI","기타금융","11580","30","0.26","5545916678940"
"094800","맵스리얼티","KOSPI","기타금융","5250","10","0.19","487380237750"
"138040","메리츠금융지주","KOSPI","기타금융","109500","-200","-0.18","19186784143500"
"090370","메타랩스","KOSPI","섬유·의류","1786","-50","-2.72","44479774554"
"118000","메타케어","KOSPI","유통","302","-5","-1.63","51876763928"
"017180","명문제약","KOSPI","제약","1850","-14","-0.75","62813889900"
"009900","명신산업","KOSPI","운송장비·부품","9030","-130","-1.42","473805300990"
"317450","명인제약","KOSPI","제약","72000","-1000","-1.37","1051200000000"
"012690","모나리자","KOSPI","종이·목재","2150","-50","-2.27","78628198250"
"005360","모나미","KOSPI","유통","1964","-1","-0.05","37114310948"
"070960","모나용평","KOSPI","일반서비스","3340","-115","-3.33","160765332220"
"009680","모토닉","KOSPI","운송장비·부품","11560","-60","-0.52","324258000000"
"009580","무림P&P","KOSPI","종이·목재","2570","0","0.00","160286592680"
"009200","무림페이퍼","KOSPI","종이·목재","2045","0","0.00","85091038950"
"033920","무학","KOSPI","음식료·담배","8620","-100","-1.15","245670000000"
"008420","문배철강","KOSPI","금속","2090","-15","-0.71","42852325450"
"025560","미래산업","KOSPI","의료·정밀기기","13100","-190","-1.43","58722767400"
"007120","미래아이앤지","KOSPI","IT 서비스","986","37","3.90","28474307488"
"396690","미래에셋글로벌리츠","KOSPI","부동산","2565","-10","-0.39","101589236100"
"357250","미래에셋맵스리츠","KOSPI","부동산","2615","0","0.00","65362199575"
"085620","미래에셋생명","KOSPI","보험","9210","-60","-0.65","1630319100690"
"006800","미래에셋증권","KOSPI","증권","23900","900","3.91","13553349042600"
"00680K","미래에셋증권2우B","KOSPI","증권","11800","1000","9.26","1612806087600"
"006805","미래에셋증권우","KOSPI","증권","15260","3520","29.98","214795945000"
"081660","미스토홀딩스","KOSPI","유통","44200","100","0.23","2656236083800"
"002840","미원상사","KOSPI","화학","154300","-1400","-0.90","732925000000"
"268280","미원에스씨","KOSPI","화학","145600","-100","-0.07","728000000000"
"107590","미원홀딩스","KOSPI","기타금융","68600","100","0.15","159152000000"
"134380","미원화학","KOSPI","화학","93900","-1100","-1.16","206511265200"
"003650","미창석유","KOSPI","화학","123200","700","0.57","214327590400"
"377740","바이오노트","KOSPI","제약","5600","-40","-0.71","571513868800"
"003610","방림","KOSPI","섬유·의류","5910","-20","-0.34","237594753780"
"035150","백산","KOSPI","화학","13340","-260","-1.91","274255285780"
"002410","범양건영","KOSPI","건설","1935","0","0.00","53173451700"
"007210","벽산","KOSPI","비금속","1786","-20","-1.11","119411960000"
"002760","보락","KOSPI","화학","1043","-5","-0.48","62475700000"
"003850","보령","KOSPI","제약","9290","-70","-0.75","796963153030"
"000890","보해양조","KOSPI","음식료·담배","420","-2","-0.47","58430454180"
"003000","부광약품","KOSPI","제약","3830","-85","-2.17","377885689930"
"001270","부국증권","KOSPI","증권","59600","600","1.02","618045205600"
"001275","부국증권우","KOSPI","증권","29850","0","0.00","89550000000"
"026940","부국철강","KOSPI","금속","2090","-5","-0.24","41800000000"
"011390","부산산업","KOSPI","비금속","77000","-900","-1.16","81312000000"
"005030","부산주공","KOSPI","운송장비·부품","486","0","0.00","38288532168"
"006740","블루산업개발","KOSPI","종이·목재","842","-1","-0.12","47973445096"
"002070","비비안","KOSPI","섬유·의류","641","2","0.31","28970685357"
"100220","비상교육","KOSPI","오락·문화","4870","-60","-1.22","63294128670"
"090460","비에이치","KOSPI","전기·전자","17160","-740","-4.13","578489992080"
"005180","빙그레","KOSPI","음식료·담배","76700","0","0.00","732922420100"
"003960","사조대림","KOSPI","음식료·담배","37700","-200","-0.53","345500405900"
"008040","사조동아원","KOSPI","음식료·담배","1138","-4","-0.35","160622554800"
"007160","사조산업","KOSPI","음식료·담배","58200","-1900","-3.16","291000000000"
"014710","사조씨푸드","KOSPI","음식료·담배","9520","210","2.26","163920529360"
"006090","사조오양","KOSPI","음식료·담배","9450","-40","-0.42","89044883550"
"062040","산일전기","KOSPI","전기·전자","133400","-2800","-2.06","4061389680000"
"001470","삼부토건","KOSPI","건설","347","0","0.00","79699592928"
"028050","삼성E&A","KOSPI","일반서비스","24850","-450","-1.78","4870600000000"
"448730","삼성FN리츠","KOSPI","부동산","4700","20","0.43","427935000000"
"006400","삼성SDI","KOSPI","전기·전자","279500","-3000","-1.06","22523655635000"
"006405","삼성SDI우","KOSPI","전기·전자","172900","-1200","-0.69","279734218400"
"006660","삼성공조","KOSPI","운송장비·부품","14380","-240","-1.64","116856395320"
"028260","삼성물산","KOSPI","유통","240500","-4000","-1.64","40879358832000"
"02826K","삼성물산우B","KOSPI","유통","145100","200","0.14","212947309000"
"207940","삼성바이오로직스","KOSPI","제약","1720000","-4000","-0.23","79620435720000"
"032830","삼성생명","KOSPI","보험","163900","3600","2.25","32780000000000"
"018260","삼성에스디에스","KOSPI","IT 서비스","169700","-200","-0.12","13131012660000"
"0126Z0","삼성에피스홀딩스","KOSPI","기타금융","652000","-11000","-1.66","16223747948000"
"009150","삼성전기","KOSPI","전기·전자","251500","-3000","-1.18","18785464544000"
"009155","삼성전기우","KOSPI","전기·전자","117500","-800","-0.68","341570620000"
"005930","삼성전자","KOSPI","전기·전자","111500","1000","0.90","660039628303000"
"005935","삼성전자우","KOSPI","전기·전자","85800","500","0.59","70010626171200"
"001360","삼성제약","KOSPI","제약","1537","-54","-3.39","144727115423"
"010140","삼성중공업","KOSPI","운송장비·부품","25150","300","1.21","22132000000000"
"016360","삼성증권","KOSPI","증권","79500","-100","-0.13","7099350000000"
"068290","삼성출판사","KOSPI","오락·문화","11590","-10","-0.09","115900000000"
"029780","삼성카드","KOSPI","기타금융","56100","400","0.72","6499683785100"
"000810","삼성화재","KOSPI","보험","498000","500","0.10","22913555190000"
"000815","삼성화재우","KOSPI","보험","374000","500","0.13","1159216740000"
"006110","삼아알미늄","KOSPI","금속","24550","-800","-3.16","361177537800"
"0120G0","삼양바이오팜","KOSPI","제약","60000","-3300","-5.21","446152200000"
"145990","삼양사","KOSPI","음식료·담배","50100","-400","-0.79","516703794900"
"145995","삼양사우","KOSPI","음식료·담배","38200","-150","-0.39","14136674000"
"003230","삼양식품","KOSPI","음식료·담배","1269000","-15000","-1.17","9559396035000"
"002170","삼양통상","KOSPI","섬유·의류","56400","-600","-1.05","169200000000"
"272550","삼양패키징","KOSPI","화학","14350","-70","-0.49","216231626100"
"000070","삼양홀딩스","KOSPI","기타금융","62100","-100","-0.16","482094161100"
"003720","삼영","KOSPI","화학","6390","-50","-0.78","217260000000"
"002810","삼영무역","KOSPI","유통","16280","-260","-1.57","300641913440"
"005680","삼영전자","KOSPI","전기·전자","10750","100","0.94","215000000000"
"023000","삼원강재","KOSPI","운송장비·부품","2485","-5","-0.20","99400000000"
"004380","삼익THK","KOSPI","기계·장비","9960","0","0.00","209160000000"
"002450","삼익악기","KOSPI","기타제조","1246","-8","-0.64","112801520090"
"004440","삼일씨엔에스","KOSPI","비금속","4610","-145","-3.05","58694275670"
"000520","삼일제약","KOSPI","제약","9880","-480","-4.63","214315092680"
"009770","삼정펄프","KOSPI","종이·목재","31750","-200","-0.63","79374079250"
"005500","삼진제약","KOSPI","제약","20700","100","0.49","275724000000"
"004690","삼천리","KOSPI","전기·가스","132700","1600","1.22","538101817500"
"010960","삼호개발","KOSPI","건설","3670","0","0.00","88520400000"
"004450","삼화왕관","KOSPI","금속","30000","-650","-2.12","64631370000"
"009470","삼화전기","KOSPI","전기·전자","29950","-400","-1.32","198083909000"
"011230","삼화전자","KOSPI","전기·전자","2735","-30","-1.08","52418421975"
"001820","삼화콘덴서","KOSPI","전기·전자","30750","-950","-3.00","319646250000"
"000390","삼화페인트","KOSPI","화학","8180","-420","-4.88","222524376420"
"001290","상상인증권","KOSPI","증권","660","-4","-0.60","71502499200"
"041650","상신브레이크","KOSPI","운송장비·부품","2740","-30","-1.08","58831773000"
"075180","새론오토모티브","KOSPI","운송장비·부품","3430","70","2.08","65856000000"
"007540","샘표","KOSPI","기타금융","49600","-150","-0.30","142639680000"
"248170","샘표식품","KOSPI","음식료·담배","29000","-200","-0.68","132480294000"
"007860","서연","KOSPI","기타금융","9800","-170","-1.71","230102471200"
"200880","서연이화","KOSPI","운송장비·부품","12820","-310","-2.36","346504562340"
"017390","서울가스","KOSPI","전기·가스","66700","900","1.37","333500000000"
"031210","서울보증보험","KOSPI","보험","50600","500","1.00","3532972858800"
"004410","서울식품","KOSPI","음식료·담배","150","-1","-0.66","58526270400"
"004415","서울식품우","KOSPI","음식료·담배","1210","-50","-3.97","2691645000"
"021050","서원","KOSPI","금속","1064","-16","-1.48","50512963760"
"008490","서흥","KOSPI","화학","22000","100","0.46","254520486000"
"007610","선도전기","KOSPI","전기·전자","3000","0","0.00","54000000000"
"136490","선진","KOSPI","음식료·담배","9630","-90","-0.93","228997586520"
"014910","성문전자","KOSPI","전기·전자","1114","-14","-1.24","25021537290"
"014915","성문전자우","KOSPI","전기·전자","4465","-60","-1.33","2679000000"
"004980","성신양회","KOSPI","비금속","10080","-70","-0.69","247122015840"
"004985","성신양회우","KOSPI","비금속","11570","-220","-1.87","8511412650"
"011300","성안머티리얼스","KOSPI","섬유·의류","367","4","1.10","57111686725"
"000180","성창기업지주","KOSPI","일반서비스","1511","-15","-0.98","105394667600"
"002420","세기상사","KOSPI","유통","5630","-290","-4.90","33610807240"
"004360","세방","KOSPI","운송·창고","15150","-230","-1.50","289601385450"
"004365","세방우","KOSPI","운송·창고","9780","-130","-1.31","36080865000"
"004490","세방전지","KOSPI","전기·전자","65500","-1300","-1.95","917000000000"
"001430","세아베스틸지주","KOSPI","금속","44500","-6800","-13.26","1595864295500"
"306200","세아제강","KOSPI","금속","117400","-1300","-1.10","332981620000"
"003030","세아제강지주","KOSPI","기타금융","128700","-2400","-1.83","533031255900"
"019440","세아특수강","KOSPI","금속","16100","-140","-0.86","137977000000"
"058650","세아홀딩스","KOSPI","금속","129800","-4100","-3.06","519200000000"
"013000","세우글로벌","KOSPI","유통","1171","0","0.00","33613591301"
"021820","세원정공","KOSPI","운송장비·부품","11700","-270","-2.26","117000000000"
"067830","세이브존I&C","KOSPI","유통","3550","-10","-0.28","145695177250"
"075580","세진중공업","KOSPI","운송장비·부품","18510","270","1.48","1052283430560"
"068270","셀트리온","KOSPI","제약","182800","-1800","-0.98","42219665133200"
"336370","솔루스첨단소재","KOSPI","전기·전자","7570","-60","-0.79","531545294080"
"33637K","솔루스첨단소재1우","KOSPI","전기·전자","1994","3","0.15","33716079404"
"33637L","솔루스첨단소재2우B","KOSPI","전기·전자","3560","-30","-0.84","13450733760"
"248070","솔루엠","KOSPI","전기·전자","16800","-70","-0.41","803312764800"
"004430","송원산업","KOSPI","화학","9100","-90","-0.98","218400000000"
"017550","수산세보틱스","KOSPI","기계·장비","1705","-24","-1.39","106390516650"
"126720","수산인더스트리","KOSPI","건설","21700","-300","-1.36","310006200000"
"053210","스카이라이프","KOSPI","오락·문화","5370","-10","-0.19","255198268350"
"204210","스타에스엠리츠","KOSPI","부동산","2035","0","0.00","15927568525"
"026890","스틱인베스트먼트","KOSPI","기타금융","10000","-380","-3.66","416781750000"
"134790","시디즈","KOSPI","기타제조","21850","-100","-0.46","43700000000"
"462870","시프트업","KOSPI","IT 서비스","36700","-350","-0.94","2163884848000"
"016590","신대양제지","KOSPI","종이·목재","13530","110","0.82","545229504600"
"029530","신도리코","KOSPI","전기·전자","51000","-1000","-1.92","514081479000"
"004970","신라교역","KOSPI","농업, 임업 및 어업","9380","-40","-0.42","150080000000"
"011930","신성이엔지","KOSPI","전기·전자","1592","-24","-1.49","327710256392"
"004170","신세계","KOSPI","유통","251000","1500","0.60","2420940431000"
"035510","신세계 I&C","KOSPI","IT 서비스","17080","-1020","-5.64","238793772000"
"031430","신세계인터내셔날","KOSPI","유통","11250","-130","-1.14","397608750000"
"031440","신세계푸드","KOSPI","일반서비스","47900","50","0.10","185491792000"
"006880","신송홀딩스","KOSPI","유통","6870","-100","-1.43","81264254460"
"005800","신영와코루","KOSPI","섬유·의류","16400","-300","-1.80","147600000000"
"001720","신영증권","KOSPI","증권","142400","200","0.14","2341056000000"
"009270","신원","KOSPI","섬유·의류","1536","-22","-1.41","169921277952"
"002700","신일전자","KOSPI","유통","1313","-14","-1.06","93285395073"
"002870","신풍","KOSPI","유통","1161","-1","-0.09","40587050700"
"019170","신풍제약","KOSPI","제약","14320","-270","-1.85","758745056800"
"019175","신풍제약우","KOSPI","제약","23800","-400","-1.65","52360000000"
"481850","신한글로벌액티브리츠","KOSPI","기타금융","1288","-6","-0.46","55999231232"
"404990","신한서부티엔디리츠","KOSPI","부동산","3645","-10","-0.27","209970436410"
"293940","신한알파리츠","KOSPI","부동산","5470","-20","-0.36","661542472810"
"055550","신한지주","KOSPI","기타금융","76500","-2100","-2.67","37140362451000"
"004080","신흥","KOSPI","유통","13950","0","0.00","132525000000"
"004770","써니전자","KOSPI","전기·전자","1560","-12","-0.76","55391603280"
"403550","쏘카","KOSPI","일반서비스","11650","-50","-0.43","382608158300"
"004920","씨아이테크","KOSPI","전기·전자","1067","0","0.00","55675923424"
"112610","씨에스윈드","KOSPI","금속","43250","-2550","-5.57","1823913179750"
"480370","씨케이솔루션","KOSPI","건설","8600","-270","-3.04","94039804600"
"308170","씨티알모빌리티","KOSPI","운송장비·부품","4515","15","0.33","38874150000"
"008700","아남전자","KOSPI","전기·전자","1387","114","8.96","106972125340"
"090430","아모레퍼시픽","KOSPI","화학","121000","-900","-0.74","7077623839000"
"090435","아모레퍼시픽우","KOSPI","화학","44300","-550","-1.23","467711869000"
"002790","아모레퍼시픽홀딩스","KOSPI","화학","27300","-350","-1.27","2169208314000"
"00279K","아모레퍼시픽홀딩스3우C","KOSPI","화학","22000","-50","-0.23","156028400000"
"002795","아모레퍼시픽홀딩스우","KOSPI","화학","11970","-60","-0.50","77131926900"
"002030","아세아","KOSPI","일반서비스","318500","-500","-0.16","660137751000"
"183190","아세아시멘트","KOSPI","비금속","12700","-20","-0.16","468981256600"
"002310","아세아제지","KOSPI","종이·목재","8300","-90","-1.07","336004833000"
"012170","아센디오","KOSPI","오락·문화","1706","-46","-2.63","18550605558"
"267850","아시아나IDT","KOSPI","IT 서비스","11740","90","0.77","130314000000"
"020560","아시아나항공","KOSPI","운송·창고","8090","-50","-0.61","1666464851990"
"122900","아이마켓코리아","KOSPI","유통","8190","240","3.02","273782199600"
"010780","아이에스동서","KOSPI","비금속","25650","1250","5.12","774295934400"
"031820","아이티센씨티에스","KOSPI","IT 서비스","611","18","3.04","73962445726"
"139990","아주스틸","KOSPI","금속","3350","-60","-1.76","129830636900"
"009320","아진전자부품","KOSPI","운송장비·부품","948","1","0.11","46736181960"
"001780","알루코","KOSPI","금속","2105","-125","-5.61","203827427860"
"018250","애경산업","KOSPI","화학","13620","-30","-0.22","359703314700"
"161000","애경케미칼","KOSPI","화학","10100","-200","-1.94","491351960900"
"011090","에넥스","KOSPI","기타제조","568","-18","-3.07","34075252088"
"137310","에스디바이오센서","KOSPI","의료·정밀기기","9120","-140","-1.51","1110351810240"
"005850","에스엘","KOSPI","운송장비·부품","42500","-1100","-2.52","1974062100000"
"010580","에스엠벡셀","KOSPI","운송장비·부품","1902","-65","-3.30","211600847520"
"012750","에스원","KOSPI","일반서비스","78200","500","0.64","2971535719600"
"023960","에쓰씨엔지니어링","KOSPI","건설","1385","-2","-0.14","52679825375"
"298690","에어부산","KOSPI","운송·창고","1729","-25","-1.43","201670560000"
"140910","에이리츠","KOSPI","부동산","3130","0","0.00","13969290160"
"078520","에이블씨엔씨","KOSPI","화학","10870","-170","-1.54","282773930070"
"015260","에이엔피","KOSPI","전기·전자","449","-4","-0.88","20257485406"
"007460","에이프로젠","KOSPI","금속","711","-32","-4.31","234135876330"
"003060","에이프로젠바이오로직스","KOSPI","제약","559","-16","-2.78","110909985355"
"244920","에이플러스에셋","KOSPI","기타금융","9700","100","1.04","219294622100"
"278470","에이피알","KOSPI","화학","236000","-8000","-3.28","8833634580000"
"450080","에코프로머티","KOSPI","전기·전자","56800","-300","-0.53","4007737227200"
"019490","엑시큐어하이트론","KOSPI","전기·전자","541","0","0.00","41349858070"
"036570","엔씨소프트","KOSPI","IT 서비스","199900","1500","0.76","4306649997800"
"085310","엔케이","KOSPI","금속","1284","79","6.56","101282333448"
"900140","엘브이엠씨홀딩스","KOSPI","유통","1509","-18","-1.18","291599811888"
"066970","엘앤에프","KOSPI","전기·전자","106600","-500","-0.47","4286313085600"
"097520","엠씨넥스","KOSPI","전기·전자","28350","-50","-0.18","493290000000"
"484870","엠앤씨솔루션","KOSPI","기계·장비","139100","-100","-0.07","1273307490000"
"014440","영보화학","KOSPI","화학","5290","-20","-0.38","105800000000"
"111770","영원무역","KOSPI","유통","86500","-2000","-2.26","3832941982000"
"009970","영원무역홀딩스","KOSPI","기타금융","201000","-14000","-6.51","2713346637000"
"003520","영진약품","KOSPI","제약","2010","39","1.98","367614389310"
"000670","영풍","KOSPI","금속","55800","-100","-0.18","1066251510000"
"012280","영화금속","KOSPI","운송장비·부품","974","-18","-1.81","50321227870"
"012160","영흥","KOSPI","금속","520","-17","-3.17","52681393440"
"007310","오뚜기","KOSPI","음식료·담배","388000","-1500","-0.39","1555038040000"
"002630","오리엔트바이오","KOSPI","제약","588","-26","-4.23","69726806940"
"271560","오리온","KOSPI","음식료·담배","106000","-800","-0.75","4190829992000"
"001800","오리온홀딩스","KOSPI","기타금융","20750","-350","-1.66","1299892506500"
"005320","온타이드","KOSPI","유통","470","-3","-0.63","32136574300"
"011690","와이투솔루션","KOSPI","전기·전자","4015","-70","-1.71","146846191910"
"316140","우리금융지주","KOSPI","기타금융","28200","-250","-0.88","20700952224000"
"006980","우성","KOSPI","음식료·담배","16510","-140","-0.84","51015900000"
"017370","우신시스템","KOSPI","기계·장비","6220","-80","-1.27","113913415880"
"105840","우진","KOSPI","의료·정밀기기","18290","-160","-0.87","369415384300"
"010400","우진아이엔에스","KOSPI","건설","3800","-65","-1.68","28963600000"
"049800","우진플라임","KOSPI","기계·장비","1941","-15","-0.77","38820000000"
"016880","웅진","KOSPI","일반서비스","2385","-45","-1.85","190626085800"
"095720","웅진씽크빅","KOSPI","일반서비스","1347","-15","-1.10","155586561795"
"005820","원림","KOSPI","섬유·의류","15110","180","1.21","34722326700"
"010600","웰바이오텍","KOSPI","유통","545","0","0.00","49553256815"
"008600","윌비스","KOSPI","유통","322","-6","-1.83","21650004558"
"033270","유나이티드제약","KOSPI","제약","19780","-370","-1.84","323082999160"
"014830","유니드","KOSPI","화학","69300","-600","-0.86","468994680000"
"446070","유니드비티플러스","KOSPI","종이·목재","3580","5","0.14","37988149700"
"000910","유니온","KOSPI","비금속","4280","0","0.00","66817729320"
"047400","유니온머티리얼","KOSPI","비금속","1336","-18","-1.33","56112000000"
"011330","유니켐","KOSPI","섬유·의류","1285","0","0.00","119844237430"
"077500","유니퀘스트","KOSPI","유통","6270","-10","-0.16","135432639540"
"002920","유성기업","KOSPI","운송장비·부품","2270","-5","-0.22","58900825000"
"000700","유수홀딩스","KOSPI","일반서비스","6020","-140","-2.27","156771708240"
"003470","유안타증권","KOSPI","증권","3810","-5","-0.13","760462954560"
"003475","유안타증권우","KOSPI","증권","3825","5","0.13","49389210900"
"072130","유엔젤","KOSPI","IT 서비스","4900","-45","-0.91","63187724600"
"000220","유유제약","KOSPI","제약","4480","-65","-1.43","76304932480"
"000225","유유제약1우","KOSPI","제약","5030","-120","-2.33","11402657900"
"000227","유유제약2우B","KOSPI","제약","11330","-300","-2.58","3688594800"
"001200","유진투자증권","KOSPI","증권","3605","-10","-0.28","349203436890"
"000100","유한양행","KOSPI","제약","116200","200","0.17","9292332379400"
"000105","유한양행우","KOSPI","제약","103100","-600","-0.58","121754914000"
"003460","유화증권","KOSPI","증권","2915","-10","-0.34","165287539725"
"003465","유화증권우","KOSPI","증권","2825","25","0.89","49370900625"
"008730","율촌화학","KOSPI","화학","27800","-100","-0.36","689440000000"
"008250","이건산업","KOSPI","종이·목재","4850","-60","-1.22","53120279750"
"025820","이구산업","KOSPI","금속","5310","-120","-2.21","177577020000"
"214320","이노션","KOSPI","일반서비스","18880","-140","-0.74","755200000000"
"088260","이리츠코크렙","KOSPI","부동산","4730","-20","-0.42","299605720700"
"139480","이마트","KOSPI","유통","85300","-1500","-1.73","2353923360700"
"457190","이수스페셜티케미컬","KOSPI","화학","55600","-1900","-3.30","1679580368000"
"007660","이수페타시스","KOSPI","전기·전자","121200","-1400","-1.14","8897197342800"
"005950","이수화학","KOSPI","화학","8680","-200","-2.25","228233386920"
"015020","이스타코","KOSPI","부동산","560","-10","-1.75","23996896000"
"074610","이엔플러스","KOSPI","기계·장비","511","0","0.00","37494486519"
"102460","이연제약","KOSPI","제약","10890","-220","-1.98","202410371790"
"084680","이월드","KOSPI","기타제조","1395","42","3.10","197819639235"
"350520","이지스레지던스리츠","KOSPI","부동산","3935","30","0.77","145068504870"
"334890","이지스밸류플러스리츠","KOSPI","부동산","4180","-10","-0.24","290295494940"
"000760","이화산업","KOSPI","유통","15330","-110","-0.71","42924000000"
"014990","인디에프","KOSPI","섬유·의류","865","-14","-1.59","64972740675"
"101140","인바이오젠","KOSPI","유통","9680","-610","-5.93","97228010880"
"006490","인스코비","KOSPI","통신","840","129","18.14","105744338280"
"023800","인지컨트롤스","KOSPI","운송장비·부품","6360","-100","-1.55","100546492920"
"034590","인천도시가스","KOSPI","전기·가스","26450","0","0.00","115712243300"
"129260","인터지스","KOSPI","운송·창고","2560","-10","-0.39","76154557440"
"023810","인팩","KOSPI","운송장비·부품","8850","90","1.03","88500000000"
"249420","일동제약","KOSPI","제약","37300","650","1.77","1180106799600"
"000230","일동홀딩스","KOSPI","제약","13300","-130","-0.97","153487320000"
"013360","일성건설","KOSPI","건설","2150","-150","-6.52","116153492000"
"003120","일성아이에스","KOSPI","제약","22350","50","0.22","297255000000"
"003200","일신방직","KOSPI","섬유·의류","13000","-200","-1.52","298480000000"
"007110","일신석재","KOSPI","유통","1652","-48","-2.82","127958319720"
"007570","일양약품","KOSPI","제약","13050","0","0.00","249067915200"
"007575","일양약품우","KOSPI","제약","12980","0","0.00","5777138400"
"008500","일정실업","KOSPI","섬유·의류","3220","-180","-5.29","19320000000"
"081000","일진다이아","KOSPI","화학","12210","-240","-1.93","173418324750"
"020760","일진디스플","KOSPI","전기·전자","902","0","0.00","46465394382"
"103590","일진전기","KOSPI","전기·전자","54800","-600","-1.08","2613159372000"
"271940","일진하이솔루스","KOSPI","운송장비·부품","14110","-380","-2.62","512379110900"
"015860","일진홀딩스","KOSPI","기타금융","7190","-60","-0.83","354808402770"
"226320","잇츠한불","KOSPI","화학","11450","-90","-0.78","251090656750"
"317400","자이에스앤디","KOSPI","부동산","4595","-70","-1.50","178205679400"
"033240","자화전자","KOSPI","전기·전자","22450","-450","-1.97","488436478200"
"000950","전방","KOSPI","섬유·의류","36600","-950","-2.53","61488000000"
"079900","전진건설로봇","KOSPI","기계·장비","46750","-950","-1.99","682201478750"
"348950","제이알글로벌리츠","KOSPI","부동산","2885","5","0.17","569429760000"
"194370","제이에스코퍼레이션","KOSPI","섬유·의류","13980","-570","-3.92","405654276840"
"030000","제일기획","KOSPI","일반서비스","22800","-300","-1.30","2622939930000"
"271980","제일약품","KOSPI","제약","15310","-380","-2.42","225131590320"
"001560","제일연마","KOSPI","비금속","9810","-100","-1.01","96138000000"
"002620","제일파마홀딩스","KOSPI","일반서비스","8130","-20","-0.25","129863376150"
"006220","제주은행","KOSPI","은행","11530","-150","-1.28","435817362210"
"089590","제주항공","KOSPI","운송·창고","5360","-10","-0.19","432235679600"
"004910","조광페인트","KOSPI","화학","5070","-50","-0.98","64896000000"
"004700","조광피혁","KOSPI","섬유·의류","68600","-900","-1.29","456130866800"
"001550","조비","KOSPI","화학","11360","-180","-1.56","58983835040"
"462520","조선내화","KOSPI","비금속","14400","-100","-0.69","170714419200"
"120030","조선선재","KOSPI","금속","98600","-800","-0.80","124004388600"
"018470","조일알미늄","KOSPI","금속","1236","-11","-0.88","156516807156"
"002600","조흥","KOSPI","음식료·담배","154300","-1100","-0.71","92580000000"
"185750","종근당","KOSPI","제약","85100","-400","-0.47","1174616578000"
"063160","종근당바이오","KOSPI","제약","20700","-50","-0.24","113559413400"
"001630","종근당홀딩스","KOSPI","제약","49400","0","0.00","247487133400"
"109070","주성코퍼레이션","KOSPI","전기·전자","803","-10","-1.23","42406614690"
"044380","주연테크","KOSPI","전기·전자","432","2","0.47","27856043424"
"013890","지누스","KOSPI","기타제조","13270","20","0.15","295318223520"
"013870","지엠비코리아","KOSPI","운송장비·부품","4005","-5","-0.12","76384481400"
"071320","지역난방공사","KOSPI","전기·가스","99600","-2200","-2.16","1153242902400"
"088790","진도","KOSPI","유통","2015","-10","-0.49","25082204160"
"003780","진양산업","KOSPI","화학","6750","0","0.00","87750000000"
"010640","진양폴리","KOSPI","화학","3605","35","0.98","36050000000"
"100250","진양홀딩스","KOSPI","화학","3295","-45","-1.35","184174987140"
"051630","진양화학","KOSPI","화학","2675","25","0.94","56710000000"
"272450","진에어","KOSPI","운송·창고","6890","-110","-1.57","359658000000"
"011000","진원생명과학","KOSPI","제약","1964","-36","-1.80","167745114304"
"002780","진흥기업","KOSPI","건설","757","-10","-1.30","110122110965"
"002787","진흥기업2우B","KOSPI","건설","7970","-580","-6.78","2349619760"
"002785","진흥기업우B","KOSPI","건설","3740","-270","-6.73","3205995320"
"025620","차AI헬스케어","KOSPI","화학","10520","-290","-2.68","191505795960"
"009310","참엔지니어링","KOSPI","기계·장비","1113","-4","-0.36","18891486579"
"000650","천일고속","KOSPI","운송·창고","360000","83000","29.96","514519200000"
"033250","체시스","KOSPI","운송장비·부품","1008","-13","-1.27","32256000000"
"035720","카카오","KOSPI","IT 서비스","59000","300","0.51","26103004141000"
"323410","카카오뱅크","KOSPI","은행","21900","-50","-0.23","10446550470300"
"377300","카카오페이","KOSPI","기타금융","49050","1200","2.51","6628847535000"
"006380","카프로","KOSPI","화학","3660","0","0.00","618539985360"
"001620","케이비아이동국실업","KOSPI","운송장비·부품","492","-1","-0.20","54756171252"
"029460","케이씨","KOSPI","의료·정밀기기","25850","-300","-1.15","342028148550"
"281820","케이씨텍","KOSPI","의료·정밀기기","39150","350","0.90","810026145450"
"381970","케이카","KOSPI","유통","16370","-110","-0.67","799197281760"
"145270","케이탑리츠","KOSPI","부동산","971","0","0.00","46667011554"
"417310","코람코더원리츠","KOSPI","부동산","8640","0","0.00","349056000000"
"357120","코람코라이프인프라리츠","KOSPI","부동산","4400","-10","-0.23","428275557600"
"007815","코리아써우","KOSPI","전기·전자","11260","-140","-1.23","33382409400"
"007810","코리아써키트","KOSPI","전기·전자","37400","-1000","-2.60","883416087400"
"00781K","코리아써키트2우B","KOSPI","전기·전자","9400","-250","-2.59","7366770600"
"003690","코리안리","KOSPI","보험","11550","0","0.00","2250182908050"
"192820","코스맥스","KOSPI","화학","168100","-1200","-0.71","1907852462900"
"044820","코스맥스비티아이","KOSPI","기타금융","13730","-190","-1.36","131861835330"
"005070","코스모신소재","KOSPI","화학","47000","-1050","-2.19","1528005532000"
"005420","코스모화학","KOSPI","화학","15430","-240","-1.53","592638958040"
"071950","코아스","KOSPI","기타제조","3890","190","5.14","44614129920"
"002020","코오롱","KOSPI","기타금융","51600","-300","-0.58","651523581600"
"138490","코오롱ENP","KOSPI","화학","8480","-20","-0.24","322240000000"
"003070","코오롱글로벌","KOSPI","건설","9320","20","0.22","236951297880"
"003075","코오롱글로벌우","KOSPI","건설","15650","-170","-1.07","11592534050"
"450140","코오롱모빌리티그룹","KOSPI","유통","7290","0","0.00","457646152500"
"45014K","코오롱모빌리티그룹우","KOSPI","유통","12200","0","0.00","29964664000"
"002025","코오롱우","KOSPI","기타금융","26850","0","0.00","28901071500"
"120110","코오롱인더","KOSPI","화학","46200","-250","-0.54","1271382004200"
"120115","코오롱인더우","KOSPI","화학","25950","100","0.39","71825967000"
"021240","코웨이","KOSPI","일반서비스","88600","-800","-0.89","6371149183800"
"036420","콘텐트리중앙","KOSPI","오락·문화","10030","0","0.00","193200949240"
"024720","콜마홀딩스","KOSPI","기타금융","9920","-80","-0.80","340218889280"
"192400","쿠쿠홀딩스","KOSPI","기타금융","30250","150","0.50","1075756096250"
"284740","쿠쿠홈시스","KOSPI","일반서비스","25200","-800","-3.08","565420716000"
"264900","크라운제과","KOSPI","음식료·담배","9030","-20","-0.22","113090365500"
"26490K","크라운제과우","KOSPI","음식료·담배","10160","10","0.10","7859369600"
"005740","크라운해태홀딩스","KOSPI","기타금융","7050","-50","-0.70","104673796350"
"005745","크라운해태홀딩스우","KOSPI","기타금융","8310","0","0.00","4992033060"
"259960","크래프톤","KOSPI","IT 서비스","250000","3000","1.21","11850495250000"
"020120","키다리스튜디오","KOSPI","IT 서비스","3355","-100","-2.89","124348934930"
"039490","키움증권","KOSPI","증권","301500","5000","1.69","8057395746000"
"014580","태경비케이","KOSPI","비금속","4835","-70","-1.43","133364288500"
"015890","태경산업","KOSPI","화학","5260","-60","-1.13","153743225000"
"006890","태경케미컬","KOSPI","화학","8210","-200","-2.38","95236000000"
"003240","태광산업","KOSPI","화학","777000","1000","0.13","865111800000"
"011280","태림포장","KOSPI","종이·목재","1960","-22","-1.11","138779642400"
"004100","태양금속","KOSPI","운송장비·부품","2350","-50","-2.08","86245000000"
"004105","태양금속우","KOSPI","운송장비·부품","3455","-125","-3.49","11401500000"
"009410","태영건설","KOSPI","건설","1693","-36","-2.08","503820002054"
"009415","태영건설우","KOSPI","건설","13230","-5670","-30.00","8599156020"
"001420","태원물산","KOSPI","운송장비·부품","3620","5","0.14","27512000000"
"055490","테이팩스","KOSPI","화학","14250","-420","-2.86","67967512500"
"078000","텔코웨어","KOSPI","IT 서비스","15360","160","1.05","141927582720"
"214420","토니모리","KOSPI","화학","8450","-160","-1.86","203263051550"
"019180","티에이치엔","KOSPI","전기·전자","7470","-320","-4.11","134460000000"
"217590","티엠씨","KOSPI","전기·전자","23650","5450","29.95","569828421250"
"363280","티와이홀딩스","KOSPI","기타금융","2690","-110","-3.93","135654730920"
"36328K","티와이홀딩스우","KOSPI","기타금융","4850","-300","-5.83","6028617900"
"091810","티웨이항공","KOSPI","운송·창고","1429","-54","-3.64","388927821925"
"004870","티웨이홀딩스","KOSPI","비금속","503","-12","-2.33","56921237482"
"034230","파라다이스","KOSPI","오락·문화","16400","-580","-3.42","1515451167600"
"005690","파미셀","KOSPI","제약","14860","-310","-2.04","891852085040"
"036580","팜스코","KOSPI","음식료·담배","2475","-10","-0.40","90901658925"
"004720","팜젠사이언스","KOSPI","제약","4285","-20","-0.46","80636248385"
"028670","팬오션","KOSPI","운송·창고","3935","10","0.25","2103531029720"
"010820","퍼스텍","KOSPI","금속","3950","-90","-2.23","192649155100"
"016800","퍼시스","KOSPI","기타제조","49250","0","0.00","566375000000"
"001020","페이퍼코리아","KOSPI","종이·목재","607","-6","-0.98","108035870991"
"090080","평화산업","KOSPI","운송장비·부품","944","-9","-0.94","51827732496"
"010770","평화홀딩스","KOSPI","운송장비·부품","3835","-60","-1.54","56088662110"
"022100","포스코DX","KOSPI","일반서비스","29750","3050","11.42","4523033187750"
"058430","포스코스틸리온","KOSPI","금속","39350","-750","-1.87","236100000000"
"047050","포스코인터내셔널","KOSPI","유통","51200","300","0.59","9007246745600"
"003670","포스코퓨처엠","KOSPI","전기·전자","196500","400","0.20","17477932230000"
"017810","풀무원","KOSPI","음식료·담배","12990","-100","-0.76","495185840580"
"103140","풍산","KOSPI","금속","105200","-1100","-1.03","2948154045600"
"005810","풍산홀딩스","KOSPI","기타금융","37700","-50","-0.13","543531908400"
"950210","프레스티지바이오파마","KOSPI","일반서비스","13090","-660","-4.80","786658668950"
"009810","플레이그램","KOSPI","유통","251","-3","-1.18","38123762500"
"086790","하나금융지주","KOSPI","기타금융","93000","-1100","-1.17","25884300702000"
"293480","하나제약","KOSPI","제약","11760","-60","-0.51","209009844960"
"039130","하나투어","KOSPI","일반서비스","48900","-200","-0.41","757457674800"
"352820","하이브","KOSPI","오락·문화","324500","15500","5.02","13811352450500"
"071090","하이스틸","KOSPI","금속","3535","-115","-3.15","71376849985"
"000080","하이트진로","KOSPI","음식료·담배","18980","-10","-0.05","1331135936780"
"000087","하이트진로2우B","KOSPI","음식료·담배","15490","30","0.19","17505837620"
"000140","하이트진로홀딩스","KOSPI","기타금융","10170","-70","-0.68","236012800050"
"000145","하이트진로홀딩스우","KOSPI","기타금융","12650","-550","-4.17","5955746500"
"152550","한국ANKOR유전","KOSPI","기타금융","214","-2","-0.93","14984280000"
"036460","한국가스공사","KOSPI","전기·가스","40950","50","0.12","3780217350000"
"005430","한국공항","KOSPI","운송·창고","64700","-2200","-3.29","204863168500"
"071050","한국금융지주","KOSPI","기타금융","161100","1600","1.00","8977457311200"
"071055","한국금융지주우","KOSPI","기타금융","123500","500","0.41","723493998500"
"010040","한국내화","KOSPI","비금속","2095","5","0.24","86035494890"
"025540","한국단자","KOSPI","전기·전자","69800","300","0.43","706027000000"
"010100","한국무브넥스","KOSPI","운송장비·부품","4435","-185","-4.00","135047612700"
"004090","한국석유","KOSPI","비금속","14000","0","0.00","177717680000"
"002200","한국수출포장","KOSPI","종이·목재","3205","5","0.16","128200000000"
"002960","한국쉘석유","KOSPI","화학","467500","2000","0.43","607750000000"
"000240","한국앤컴퍼니","KOSPI","기타금융","26200","-950","-3.50","2487303288000"
"123890","한국자산신탁","KOSPI","기타금융","2485","-35","-1.39","304099206110"
"015760","한국전력","KOSPI","전기·가스","48350","-700","-1.43","31038963122950"
"006200","한국전자홀딩스","KOSPI","기타금융","656","-4","-0.61","30702857216"
"027970","한국제지","KOSPI","종이·목재","785","9","1.16","149289916045"
"023350","한국종합기술","KOSPI","일반서비스","4850","-30","-0.61","53107500000"
"025890","한국주강","KOSPI","기계·장비","2215","509","29.84","25050008685"
"000970","한국주철관","KOSPI","금속","7320","-30","-0.41","166899660000"
"104700","한국철강","KOSPI","금속","10020","30","0.30","365229000000"
"017960","한국카본","KOSPI","금속","34300","1300","3.94","1780459903600"
"161890","한국콜마","KOSPI","화학","62100","-900","-1.43","1465875281700"
"161390","한국타이어앤테크놀로지","KOSPI","화학","59400","-1200","-1.98","7358179098600"
"034830","한국토지신탁","KOSPI","기타금융","1323","1","0.08","334043251290"
"007280","한국특강","KOSPI","금속","1492","-4","-0.27","90733460012"
"047810","한국항공우주","KOSPI","운송장비·부품","113800","800","0.71","11092667176600"
"123690","한국화장품","KOSPI","유통","9720","100","1.04","156180960000"
"003350","한국화장품제조","KOSPI","화학","49700","-100","-0.20","225240400000"
"011500","한농화성","KOSPI","화학","15330","-200","-1.29","239715853860"
"002390","한독","KOSPI","제약","11490","-50","-0.43","158142994170"
"053690","한미글로벌","KOSPI","일반서비스","17640","-280","-1.56","193291182000"
"042700","한미반도체","KOSPI","기계·장비","127000","0","0.00","12104649400000"
"008930","한미사이언스","KOSPI","기타금융","37200","50","0.13","2544165660000"
"128940","한미약품","KOSPI","제약","440000","2000","0.46","5636836040000"
"009240","한샘","KOSPI","유통","49250","-250","-0.51","1159045954000"
"020000","한섬","KOSPI","섬유·의류","16380","0","0.00","367530295860"
"003680","한성기업","KOSPI","음식료·담배","5690","-170","-2.90","35332140350"
"105630","한세실업","KOSPI","섬유·의류","14390","-310","-2.11","575600000000"
"069640","한세엠케이","KOSPI","유통","643","-11","-1.68","28810580786"
"016450","한세예스24홀딩스","KOSPI","섬유·의류","4330","-10","-0.23","173200000000"
"009180","한솔로지스틱스","KOSPI","운송·창고","3060","30","0.99","86156824500"
"213500","한솔제지","KOSPI","종이·목재","8470","-50","-0.59","201590878720"
"014680","한솔케미칼","KOSPI","화학","224000","0","0.00","2539083680000"
"004710","한솔테크닉스","KOSPI","전기·전자","5970","-130","-2.13","191695971660"
"004150","한솔홀딩스","KOSPI","기타금융","3130","-20","-0.63","128413320600"
"025750","한솔홈데코","KOSPI","종이·목재","635","-6","-0.94","51158869615"
"004960","한신공영","KOSPI","건설","10890","-270","-2.42","126004944780"
"011700","한신기계","KOSPI","기계·장비","3080","-75","-2.38","99934145080"
"001750","한양증권","KOSPI","증권","19150","110","0.58","243751426100"
"001755","한양증권우","KOSPI","증권","19030","110","0.58","9990750000"
"018880","한온시스템","KOSPI","기계·장비","3015","-75","-2.43","2046469094280"
"009420","한올바이오파마","KOSPI","제약","42700","0","0.00","2230675242600"
"014130","한익스프레스","KOSPI","운송·창고","3120","0","0.00","37440000000"
"300720","한일시멘트","KOSPI","비금속","19310","30","0.16","1420157985790"
"002220","한일철강","KOSPI","금속","5230","-60","-1.13","139627715800"
"003300","한일홀딩스","KOSPI","비금속","17840","90","0.51","550058650560"
"051600","한전KPS","KOSPI","건설","52800","-400","-0.75","2376000000000"
"052690","한전기술","KOSPI","일반서비스","91800","-900","-0.97","3508596000000"
"130660","한전산업","KOSPI","일반서비스","10780","-50","-0.46","351428000000"
"002320","한진","KOSPI","운송·창고","20300","-250","-1.22","309270703000"
"003480","한진중공업홀딩스","KOSPI","전기·가스","4840","0","0.00","142924290080"
"180640","한진칼","KOSPI","기타금융","122100","3900","3.30","8151674265900"
"18064K","한진칼우","KOSPI","기타금융","37000","850","2.35","19860342000"
"005110","한창","KOSPI","유통","1254","0","0.00","26467434378"
"009460","한창제지","KOSPI","종이·목재","520","-6","-1.14","31027092720"
"372910","한컴라이프케어","KOSPI","의료·정밀기기","3170","55","1.77","87727867020"
"000880","한화","KOSPI","화학","84300","2300","2.80","6319021360500"
"00088K","한화3우B","KOSPI","화학","37450","1350","3.74","726696315450"
"452260","한화갤러리아","KOSPI","유통","1470","-121","-7.61","284973626700"
"45226K","한화갤러리아우","KOSPI","유통","7760","1790","29.98","22538687200"
"451800","한화리츠","KOSPI","부동산","4125","0","0.00","740850000000"
"489790","한화비전","KOSPI","전기·전자","39450","250","0.64","1991766985500"
"088350","한화생명","KOSPI","보험","3425","155","4.74","2974715250000"
"000370","한화손해보험","KOSPI","보험","5590","50","0.90","652570534850"
"009830","한화솔루션","KOSPI","화학","28100","650","2.37","4830180261600"
"009835","한화솔루션우","KOSPI","화학","21600","300","1.41","55627538400"
"272210","한화시스템","KOSPI","전기·전자","58800","2000","3.52","11108460073200"
"012450","한화에어로스페이스","KOSPI","운송장비·부품","900000","14000","1.58","46407060900000"
"082740","한화엔진","KOSPI","기계·장비","45200","1850","4.27","3771810818400"
"042660","한화오션","KOSPI","운송장비·부품","123400","13700","12.49","37811412819600"
"003530","한화투자증권","KOSPI","증권","4865","-35","-0.71","1043774925375"
"003535","한화투자증권우","KOSPI","증권","8080","280","3.59","38784000000"
"195870","해성디에스","KOSPI","전기·전자","55700","-1500","-2.62","946900000000"
"101530","해태제과식품","KOSPI","음식료·담배","7220","80","1.12","210223454840"
"143210","핸즈코퍼레이션","KOSPI","운송장비·부품","1356","-4","-0.29","29663512932"
"000720","현대건설","KOSPI","건설","70000","-1100","-1.55","7794903550000"
"000725","현대건설우","KOSPI","건설","56200","-700","-1.23","59273746600"
"453340","현대그린푸드","KOSPI","유통","16080","-110","-0.68","527735083680"
"086280","현대글로비스","KOSPI","운송·창고","178300","-1500","-0.83","13372500000000"
"064350","현대로템","KOSPI","운송장비·부품","188700","5700","3.11","20595150689100"
"079430","현대리바트","KOSPI","기타제조","6280","-50","-0.79","128961570960"
"012330","현대모비스","KOSPI","운송장비·부품","363000","0","0.00","32935927629000"
"069960","현대백화점","KOSPI","유통","90400","-1500","-1.63","2045644695200"
"004560","현대비앤지스틸","KOSPI","금속","11100","-70","-0.63","167374802100"
"004310","현대약품","KOSPI","제약","6760","250","3.84","216320000000"
"017800","현대엘리베이터","KOSPI","기계·장비","89600","400","0.45","3502677696000"
"307950","현대오토에버","KOSPI","IT 서비스","294500","-12500","-4.07","8076362699000"
"011210","현대위아","KOSPI","운송장비·부품","71900","-1100","-1.51","1955326467700"
"004020","현대제철","KOSPI","금속","30750","100","0.33","4103457888750"
"005440","현대지에프홀딩스","KOSPI","기타금융","8590","-20","-0.23","1339217945590"
"005380","현대차","KOSPI","운송장비·부품","287000","-2000","-0.69","58765478842000"
"005387","현대차2우B","KOSPI","운송장비·부품","208500","0","0.00","7289979405000"
"005389","현대차3우B","KOSPI","운송장비·부품","201500","0","0.00","468981578000"
"005385","현대차우","KOSPI","운송장비·부품","203500","0","0.00","4749885360000"
"001500","현대차증권","KOSPI","증권","8090","-30","-0.37","500229325960"
"011760","현대코퍼레이션","KOSPI","유통","22650","0","0.00","299636079900"
"227840","현대코퍼레이션홀딩스","KOSPI","유통","12650","-90","-0.71","115125575400"
"126560","현대퓨처넷","KOSPI","통신","3190","-25","-0.78","351547394550"
"001450","현대해상","KOSPI","보험","30600","-350","-1.13","2735640000000"
"057050","현대홈쇼핑","KOSPI","유통","55600","-100","-0.18","667200000000"
"093240","형지엘리트","KOSPI","섬유·의류","1190","-40","-3.25","45684408210"
"003010","혜인","KOSPI","유통","5400","-10","-0.18","68648833800"
"111110","호전실업","KOSPI","섬유·의류","8340","-160","-1.88","78195840000"
"008770","호텔신라","KOSPI","유통","45000","-200","-0.44","1766165445000"
"008775","호텔신라우","KOSPI","유통","37750","50","0.13","28383432250"
"378850","화승알앤에이","KOSPI","운송장비·부품","3270","-65","-1.95","62109147210"
"241590","화승엔터프라이즈","KOSPI","섬유·의류","5200","-10","-0.19","315064235200"
"006060","화승인더","KOSPI","유통","3845","-55","-1.41","212705400000"
"013520","화승코퍼레이션","KOSPI","운송장비·부품","2230","-20","-0.89","111614291960"
"010690","화신","KOSPI","운송장비·부품","8370","-250","-2.90","292283831700"
"133820","화인베스틸","KOSPI","금속","1729","-11","-0.63","64170973958"
"010660","화천기계","KOSPI","기계·장비","5210","-160","-2.98","114620000000"
"000850","화천기공","KOSPI","기계·장비","35900","-1000","-2.71","78980000000"
"016580","환인제약","KOSPI","제약","11620","-10","-0.09","216132813400"
"032560","황금에스티","KOSPI","금속","6060","-40","-0.66","103020000000"
"004800","효성","KOSPI","기타금융","119800","-800","-0.66","2005500758600"
"094280","효성ITX","KOSPI","일반서비스","13050","0","0.00","150834510000"
"298040","효성중공업","KOSPI","전기·전자","1828000","-22000","-1.19","17045273744000"
"298020","효성티앤씨","KOSPI","화학","238000","0","0.00","1029988316000"
"298000","효성화학","KOSPI","화학","38900","0","0.00","147501447900"
"093370","후성","KOSPI","화학","7830","20","0.26","839809233900"
"005870","휴니드","KOSPI","전기·전자","7770","-110","-1.40","109681436550"
"079980","휴비스","KOSPI","화학","2760","-70","-2.47","95220000000"
"005010","휴스틸","KOSPI","금속","4055","-40","-0.98","227842644125"
"000540","흥국화재","KOSPI","보험","3600","0","0.00","231273522000"
"000545","흥국화재우","KOSPI","보험","7690","-30","-0.39","5905920000"
"003280","흥아해운","KOSPI","운송·창고","1584","-11","-0.69","380833040016"